<?xml version="1.0"?>
<doc>
    <assembly>
        <name>Microsoft.Azure.Data.SchemaRegistry.ApacheAvro</name>
    </assembly>
    <members>
        <member name="T:Microsoft.Azure.Data.SchemaRegistry.ApacheAvro.SchemaRegistryAvroObjectSerializer">
            <summary>
            A <see cref="T:Microsoft.Azure.Data.SchemaRegistry.ApacheAvro.SchemaRegistryAvroObjectSerializer"/> implementation that uses <see cref="T:Azure.Data.SchemaRegistry.SchemaRegistryClient"/> for Avro serialization/deserialization.
            </summary>
        </member>
        <member name="M:Microsoft.Azure.Data.SchemaRegistry.ApacheAvro.SchemaRegistryAvroObjectSerializer.#ctor(Azure.Data.SchemaRegistry.SchemaRegistryClient,System.String,Microsoft.Azure.Data.SchemaRegistry.ApacheAvro.SchemaRegistryAvroObjectSerializerOptions)">
            <summary>
            Initializes new instance of <see cref="T:Microsoft.Azure.Data.SchemaRegistry.ApacheAvro.SchemaRegistryAvroObjectSerializer"/>.
            </summary>
        </member>
        <member name="M:Microsoft.Azure.Data.SchemaRegistry.ApacheAvro.SchemaRegistryAvroObjectSerializer.Serialize(System.IO.Stream,System.Object,System.Type,System.Threading.CancellationToken)">
            <inheritdoc />
        </member>
        <member name="M:Microsoft.Azure.Data.SchemaRegistry.ApacheAvro.SchemaRegistryAvroObjectSerializer.SerializeAsync(System.IO.Stream,System.Object,System.Type,System.Threading.CancellationToken)">
            <inheritdoc />
        </member>
        <member name="M:Microsoft.Azure.Data.SchemaRegistry.ApacheAvro.SchemaRegistryAvroObjectSerializer.Deserialize(System.IO.Stream,System.Type,System.Threading.CancellationToken)">
            <inheritdoc />
        </member>
        <member name="M:Microsoft.Azure.Data.SchemaRegistry.ApacheAvro.SchemaRegistryAvroObjectSerializer.DeserializeAsync(System.IO.Stream,System.Type,System.Threading.CancellationToken)">
            <inheritdoc />
        </member>
        <member name="T:Microsoft.Azure.Data.SchemaRegistry.ApacheAvro.SchemaRegistryAvroObjectSerializerOptions">
            <summary>
            Options for <see cref="T:Microsoft.Azure.Data.SchemaRegistry.ApacheAvro.SchemaRegistryAvroObjectSerializer"/>.
            </summary>
        </member>
        <member name="P:Microsoft.Azure.Data.SchemaRegistry.ApacheAvro.SchemaRegistryAvroObjectSerializerOptions.AutoRegisterSchemas">
            <summary>
            Gets or sets the automatic registration of schemas flag.
            When true, automatically registers the provided schema with the SchemaRegistry during serialization.
            When false, the schema is only acquired from the SchemaRegistry.
            The default is false.
            </summary>
        </member>
        <member name="T:Azure.Core.Pipeline.ActivityExtensions">
            <summary>
            HACK HACK HACK. Some runtime environments like Azure.Functions downgrade System.Diagnostic.DiagnosticSource package version causing method not found exceptions in customer apps
            This type is a temporary workaround to avoid the issue.
            </summary>
        </member>
        <member name="T:Azure.Core.Pipeline.TaskExtensions.Enumerable`1">
            <summary>
            Both <see cref="T:Azure.Core.Pipeline.TaskExtensions.Enumerable`1"/> and <see cref="T:Azure.Core.Pipeline.TaskExtensions.Enumerator`1"/> are defined as public structs so that foreach can use duck typing
            to call <see cref="M:Azure.Core.Pipeline.TaskExtensions.Enumerable`1.GetEnumerator"/> and avoid heap memory allocation.
            Please don't delete this method and don't make these types private.
            </summary>
            <typeparam name="T"></typeparam>
        </member>
        <member name="T:Azure.Core.Argument">
            <summary>
            Argument validation.
            </summary>
            <remarks>
              <para>This class should be shared via source using Azure.Core.props and contain only common argument validation.
                It is declared partial so that you can use the same familiar class name but extend it with project-specific validation.
                To extend the functionality of this class, just declare your own partial <see cref="T:Azure.Core.Argument"/> class with project-specific methods.
              </para>
              <para>
                Be sure to document exceptions thrown by these methods on your public methods.
              </para>
            </remarks>
        </member>
        <member name="M:Azure.Core.Argument.AssertNotNull``1(``0,System.String)">
            <summary>
            Throws if <paramref name="value"/> is null.
            </summary>
            <param name="value">The value to validate.</param>
            <param name="name">The name of the parameter.</param>
            <exception cref="T:System.ArgumentNullException"><paramref name="value"/> is null.</exception>
        </member>
        <member name="M:Azure.Core.Argument.AssertNotNull``1(System.Nullable{``0},System.String)">
            <summary>
            Throws if <paramref name="value"/> has not been initialized.
            </summary>
            <param name="value">The value to validate.</param>
            <param name="name">The name of the parameter.</param>
            <exception cref="T:System.ArgumentNullException"><paramref name="value"/> has not been initialized.</exception>
        </member>
        <member name="M:Azure.Core.Argument.AssertNotNullOrEmpty``1(System.Collections.Generic.IEnumerable{``0},System.String)">
            <summary>
            Throws if <paramref name="value"/> is null or an empty collection.
            </summary>
            <param name="value">The value to validate.</param>
            <param name="name">The name of the parameter.</param>
            <exception cref="T:System.ArgumentException"><paramref name="value"/> is an empty collection.</exception>
            <exception cref="T:System.ArgumentNullException"><paramref name="value"/> is null.</exception>
        </member>
        <member name="M:Azure.Core.Argument.AssertNotNullOrEmpty(System.String,System.String)">
            <summary>
            Throws if <paramref name="value"/> is null or an empty string.
            </summary>
            <param name="value">The value to validate.</param>
            <param name="name">The name of the parameter.</param>
            <exception cref="T:System.ArgumentException"><paramref name="value"/> is an empty string.</exception>
            <exception cref="T:System.ArgumentNullException"><paramref name="value"/> is null.</exception>
        </member>
        <member name="M:Azure.Core.Argument.AssertNotNullOrWhiteSpace(System.String,System.String)">
            <summary>
            Throws if <paramref name="value"/> is null, an empty string, or consists only of white-space characters.
            </summary>
            <param name="value">The value to validate.</param>
            <param name="name">The name of the parameter.</param>
            <exception cref="T:System.ArgumentException"><paramref name="value"/> is an empty string or consists only of white-space characters.</exception>
            <exception cref="T:System.ArgumentNullException"><paramref name="value"/> is null.</exception>
        </member>
        <member name="M:Azure.Core.Argument.AssertNotDefault``1(``0@,System.String)">
            <summary>
            Throws if <paramref name="value"/> is the default value for type <typeparamref name="T"/>.
            </summary>
            <typeparam name="T">The type of structure to validate which implements <see cref="T:System.IEquatable`1"/>.</typeparam>
            <param name="value">The value to validate.</param>
            <param name="name">The name of the parameter.</param>
            <exception cref="T:System.ArgumentException"><paramref name="value"/> is the default value for type <typeparamref name="T"/>.</exception>
        </member>
        <member name="M:Azure.Core.Argument.AssertInRange``1(``0,``0,``0,System.String)">
            <summary>
            Throws if <paramref name="value"/> is less than the <paramref name="minimum"/> or greater than the <paramref name="maximum"/>.
            </summary>
            <typeparam name="T">The type of to validate which implements <see cref="T:System.IComparable`1"/>.</typeparam>
            <param name="value">The value to validate.</param>
            <param name="minimum">The minimum value to compare.</param>
            <param name="maximum">The maximum value to compare.</param>
            <param name="name">The name of the parameter.</param>
        </member>
    </members>
</doc>
