<?xml version="1.0"?>
<doc>
    <assembly>
        <name>Azure.Data.SchemaRegistry</name>
    </assembly>
    <members>
        <member name="T:Azure.Data.SchemaRegistry.Models.SchemaId">
            <summary> JSON Object received from the registry containing schema identifiers. </summary>
        </member>
        <member name="M:Azure.Data.SchemaRegistry.Models.SchemaId.#ctor(System.String)">
            <summary> Initializes a new instance of SchemaId. </summary>
            <param name="id"> Schema ID that uniquely identifies a schema in the registry namespace. </param>
            <exception cref="T:System.ArgumentNullException"> <paramref name="id"/> is null. </exception>
        </member>
        <member name="P:Azure.Data.SchemaRegistry.Models.SchemaId.Id">
            <summary> Schema ID that uniquely identifies a schema in the registry namespace. </summary>
        </member>
        <member name="T:Azure.Data.SchemaRegistry.SerializationType">
            <summary> The SerializationType. </summary>
            <summary>
            The format used when serializing SchemaRegistry messages.
            </summary>
        </member>
        <member name="M:Azure.Data.SchemaRegistry.SerializationType.#ctor(System.String)">
            <summary> Determines if two <see cref="T:Azure.Data.SchemaRegistry.SerializationType"/> values are the same. </summary>
            <exception cref="T:System.ArgumentNullException"> <paramref name="value"/> is null. </exception>
        </member>
        <member name="P:Azure.Data.SchemaRegistry.SerializationType.Avro">
            <summary> Avro Serialization schema type. </summary>
        </member>
        <member name="M:Azure.Data.SchemaRegistry.SerializationType.op_Equality(Azure.Data.SchemaRegistry.SerializationType,Azure.Data.SchemaRegistry.SerializationType)">
            <summary> Determines if two <see cref="T:Azure.Data.SchemaRegistry.SerializationType"/> values are the same. </summary>
        </member>
        <member name="M:Azure.Data.SchemaRegistry.SerializationType.op_Inequality(Azure.Data.SchemaRegistry.SerializationType,Azure.Data.SchemaRegistry.SerializationType)">
            <summary> Determines if two <see cref="T:Azure.Data.SchemaRegistry.SerializationType"/> values are not the same. </summary>
        </member>
        <member name="M:Azure.Data.SchemaRegistry.SerializationType.op_Implicit(System.String)~Azure.Data.SchemaRegistry.SerializationType">
            <summary> Converts a string to a <see cref="T:Azure.Data.SchemaRegistry.SerializationType"/>. </summary>
        </member>
        <member name="M:Azure.Data.SchemaRegistry.SerializationType.Equals(System.Object)">
            <inheritdoc />
        </member>
        <member name="M:Azure.Data.SchemaRegistry.SerializationType.Equals(Azure.Data.SchemaRegistry.SerializationType)">
            <inheritdoc />
        </member>
        <member name="M:Azure.Data.SchemaRegistry.SerializationType.GetHashCode">
            <inheritdoc />
        </member>
        <member name="M:Azure.Data.SchemaRegistry.SerializationType.ToString">
            <inheritdoc />
        </member>
        <member name="P:Azure.Data.SchemaRegistry.SchemaGetByIdHeaders.Location">
            <summary> URL location of schema, identified by schema group, schema name, and version. </summary>
        </member>
        <member name="P:Azure.Data.SchemaRegistry.SchemaGetByIdHeaders.XSchemaType">
            <summary> Serialization type for the schema being stored. </summary>
        </member>
        <member name="P:Azure.Data.SchemaRegistry.SchemaGetByIdHeaders.XSchemaId">
            <summary> References specific schema in registry namespace. </summary>
        </member>
        <member name="P:Azure.Data.SchemaRegistry.SchemaGetByIdHeaders.XSchemaIdLocation">
            <summary> URL location of schema, identified by schema ID. </summary>
        </member>
        <member name="P:Azure.Data.SchemaRegistry.SchemaGetByIdHeaders.XSchemaVersion">
            <summary> Version of the returned schema. </summary>
        </member>
        <member name="P:Azure.Data.SchemaRegistry.SchemaQueryIdByContentHeaders.Location">
            <summary> URL location of schema, identified by schema group, schema name, and version. </summary>
        </member>
        <member name="P:Azure.Data.SchemaRegistry.SchemaQueryIdByContentHeaders.XSchemaType">
            <summary> Serialization type for the schema being stored. </summary>
        </member>
        <member name="P:Azure.Data.SchemaRegistry.SchemaQueryIdByContentHeaders.XSchemaId">
            <summary> References specific schema in registry namespace. </summary>
        </member>
        <member name="P:Azure.Data.SchemaRegistry.SchemaQueryIdByContentHeaders.XSchemaIdLocation">
            <summary> URL location of schema, identified by schema ID. </summary>
        </member>
        <member name="P:Azure.Data.SchemaRegistry.SchemaQueryIdByContentHeaders.XSchemaVersion">
            <summary> Version of the returned schema. </summary>
        </member>
        <member name="P:Azure.Data.SchemaRegistry.SchemaRegisterHeaders.Location">
            <summary> URL location of schema, identified by schema group, schema name, and version. </summary>
        </member>
        <member name="P:Azure.Data.SchemaRegistry.SchemaRegisterHeaders.XSchemaType">
            <summary> Serialization type for the schema being registered. </summary>
        </member>
        <member name="P:Azure.Data.SchemaRegistry.SchemaRegisterHeaders.XSchemaId">
            <summary> References specific schema in registry namespace. </summary>
        </member>
        <member name="P:Azure.Data.SchemaRegistry.SchemaRegisterHeaders.XSchemaIdLocation">
            <summary> URL location of schema, identified by schema ID. </summary>
        </member>
        <member name="P:Azure.Data.SchemaRegistry.SchemaRegisterHeaders.XSchemaVersion">
            <summary> Version of the returned schema. </summary>
        </member>
        <member name="M:Azure.Data.SchemaRegistry.SchemaRestClient.#ctor(Azure.Core.Pipeline.ClientDiagnostics,Azure.Core.Pipeline.HttpPipeline,System.String,System.String)">
            <summary> Initializes a new instance of SchemaRestClient. </summary>
            <param name="clientDiagnostics"> The handler for diagnostic messaging in the client. </param>
            <param name="pipeline"> The HTTP pipeline for sending and receiving REST requests and responses. </param>
            <param name="endpoint"> The Schema Registry service endpoint, for example my-namespace.servicebus.windows.net. </param>
            <param name="apiVersion"> Api Version. </param>
            <exception cref="T:System.ArgumentNullException"> <paramref name="endpoint"/> or <paramref name="apiVersion"/> is null. </exception>
        </member>
        <member name="M:Azure.Data.SchemaRegistry.SchemaRestClient.GetByIdAsync(System.String,System.Threading.CancellationToken)">
            <summary> Gets a registered schema by its unique ID.  Azure Schema Registry guarantees that ID is unique within a namespace. </summary>
            <param name="schemaId"> References specific schema in registry namespace. </param>
            <param name="cancellationToken"> The cancellation token to use. </param>
            <exception cref="T:System.ArgumentNullException"> <paramref name="schemaId"/> is null. </exception>
        </member>
        <member name="M:Azure.Data.SchemaRegistry.SchemaRestClient.GetById(System.String,System.Threading.CancellationToken)">
            <summary> Gets a registered schema by its unique ID.  Azure Schema Registry guarantees that ID is unique within a namespace. </summary>
            <param name="schemaId"> References specific schema in registry namespace. </param>
            <param name="cancellationToken"> The cancellation token to use. </param>
            <exception cref="T:System.ArgumentNullException"> <paramref name="schemaId"/> is null. </exception>
        </member>
        <member name="M:Azure.Data.SchemaRegistry.SchemaRestClient.QueryIdByContentAsync(System.String,System.String,Azure.Data.SchemaRegistry.SerializationType,System.String,System.Threading.CancellationToken)">
            <summary> Gets the ID referencing an existing schema within the specified schema group, as matched by schema content comparison. </summary>
            <param name="groupName"> Schema group under which schema is registered.  Group&apos;s serialization type should match the serialization type specified in the request. </param>
            <param name="schemaName"> Name of the registered schema. </param>
            <param name="xSchemaType"> Serialization type for the schema being registered. </param>
            <param name="schemaContent"> String representation of the registered schema. </param>
            <param name="cancellationToken"> The cancellation token to use. </param>
            <exception cref="T:System.ArgumentNullException"> <paramref name="groupName"/>, <paramref name="schemaName"/>, or <paramref name="schemaContent"/> is null. </exception>
        </member>
        <member name="M:Azure.Data.SchemaRegistry.SchemaRestClient.QueryIdByContent(System.String,System.String,Azure.Data.SchemaRegistry.SerializationType,System.String,System.Threading.CancellationToken)">
            <summary> Gets the ID referencing an existing schema within the specified schema group, as matched by schema content comparison. </summary>
            <param name="groupName"> Schema group under which schema is registered.  Group&apos;s serialization type should match the serialization type specified in the request. </param>
            <param name="schemaName"> Name of the registered schema. </param>
            <param name="xSchemaType"> Serialization type for the schema being registered. </param>
            <param name="schemaContent"> String representation of the registered schema. </param>
            <param name="cancellationToken"> The cancellation token to use. </param>
            <exception cref="T:System.ArgumentNullException"> <paramref name="groupName"/>, <paramref name="schemaName"/>, or <paramref name="schemaContent"/> is null. </exception>
        </member>
        <member name="M:Azure.Data.SchemaRegistry.SchemaRestClient.RegisterAsync(System.String,System.String,Azure.Data.SchemaRegistry.SerializationType,System.String,System.Threading.CancellationToken)">
            <summary>
            Register new schema. If schema of specified name does not exist in specified group, schema is created at version 1. If schema of specified name exists already in specified group, schema is created at latest version + 1.
            .
            </summary>
            <param name="groupName"> Schema group under which schema should be registered.  Group&apos;s serialization type should match the serialization type specified in the request. </param>
            <param name="schemaName"> Name of schema being registered. </param>
            <param name="xSchemaType"> Serialization type for the schema being registered. </param>
            <param name="schemaContent"> String representation of the schema being registered. </param>
            <param name="cancellationToken"> The cancellation token to use. </param>
            <exception cref="T:System.ArgumentNullException"> <paramref name="groupName"/>, <paramref name="schemaName"/>, or <paramref name="schemaContent"/> is null. </exception>
        </member>
        <member name="M:Azure.Data.SchemaRegistry.SchemaRestClient.Register(System.String,System.String,Azure.Data.SchemaRegistry.SerializationType,System.String,System.Threading.CancellationToken)">
            <summary>
            Register new schema. If schema of specified name does not exist in specified group, schema is created at version 1. If schema of specified name exists already in specified group, schema is created at latest version + 1.
            .
            </summary>
            <param name="groupName"> Schema group under which schema should be registered.  Group&apos;s serialization type should match the serialization type specified in the request. </param>
            <param name="schemaName"> Name of schema being registered. </param>
            <param name="xSchemaType"> Serialization type for the schema being registered. </param>
            <param name="schemaContent"> String representation of the schema being registered. </param>
            <param name="cancellationToken"> The cancellation token to use. </param>
            <exception cref="T:System.ArgumentNullException"> <paramref name="groupName"/>, <paramref name="schemaName"/>, or <paramref name="schemaContent"/> is null. </exception>
        </member>
        <member name="T:Azure.Data.SchemaRegistry.SchemaProperties">
            <summary>
            Properties for a SchemaRegistry schema.
            </summary>
        </member>
        <member name="P:Azure.Data.SchemaRegistry.SchemaProperties.Id">
            <summary>
            The schema ID that uniquely identifies a schema in the registry namespace.
            </summary>
        </member>
        <member name="P:Azure.Data.SchemaRegistry.SchemaProperties.Content">
            <summary>
            The schema content of the SchemaRegistry schema.
            </summary>
        </member>
        <member name="P:Azure.Data.SchemaRegistry.SchemaProperties.Location">
            <summary>
            The location of the schema.
            </summary>
        </member>
        <member name="P:Azure.Data.SchemaRegistry.SchemaProperties.Type">
            <summary>
            Serialization type for the schema being stored.
            </summary>
        </member>
        <member name="P:Azure.Data.SchemaRegistry.SchemaProperties.Version">
            <summary>
            Version of the schema.
            </summary>
        </member>
        <member name="T:Azure.Data.SchemaRegistry.SchemaRegistryClient">
            <summary>
            The Schema Registry client provides operations to interact with the Schema Registry service.
            </summary>
        </member>
        <member name="M:Azure.Data.SchemaRegistry.SchemaRegistryClient.#ctor(System.String,Azure.Core.TokenCredential)">
            <summary>
            Initializes a new instance of the <see cref="T:Azure.Data.SchemaRegistry.SchemaRegistryClient"/>.
            </summary>
        </member>
        <member name="M:Azure.Data.SchemaRegistry.SchemaRegistryClient.#ctor(System.String,Azure.Core.TokenCredential,Azure.Data.SchemaRegistry.SchemaRegistryClientOptions)">
            <summary>
            Initializes a new instance of the <see cref="T:Azure.Data.SchemaRegistry.SchemaRegistryClient"/>.
            </summary>
        </member>
        <member name="M:Azure.Data.SchemaRegistry.SchemaRegistryClient.#ctor">
            <summary>Initializes a new instance of <see cref="T:Azure.Data.SchemaRegistry.SchemaRegistryClient"/> for mocking.</summary>
        </member>
        <member name="M:Azure.Data.SchemaRegistry.SchemaRegistryClient.#ctor(Azure.Core.Pipeline.ClientDiagnostics,Azure.Core.Pipeline.HttpPipeline,System.String,System.String)">
            <summary>Initializes a new instance of <see cref="T:Azure.Data.SchemaRegistry.SchemaRegistryClient"/>.</summary>
            <param name="clientDiagnostics">The handler for diagnostic messaging in the client.</param>
            <param name="pipeline">The HTTP pipeline for sending and receiving REST requests and responses.</param>
            <param name="endpoint">The endpoint URI. For example, myschemaregistry.servicebus.windows.net.</param>
            <param name="apiVersion">The API version of the service.</param>
        </member>
        <member name="M:Azure.Data.SchemaRegistry.SchemaRegistryClient.RegisterSchemaAsync(System.String,System.String,Azure.Data.SchemaRegistry.SerializationType,System.String,System.Threading.CancellationToken)">
            <summary>
            Registers a schema with the SchemaRegistry service.
            </summary>
            <param name="groupName">The name of the SchemaRegistry group.</param>
            <param name="schemaName">The name of the schema.</param>
            <param name="serializationType">The serialization format of the schema.</param>
            <param name="schemaContent">The string representation of the schema's content.</param>
            <param name="cancellationToken">The cancellation token for the operation.</param>
            <returns>The properties of the schema.</returns>
        </member>
        <member name="M:Azure.Data.SchemaRegistry.SchemaRegistryClient.RegisterSchema(System.String,System.String,Azure.Data.SchemaRegistry.SerializationType,System.String,System.Threading.CancellationToken)">
            <summary>
            Registers a schema with the SchemaRegistry service.
            If the schema did not previously exist in the Schema Registry instance, it is added to the instance and assigned a schema ID.
            If the schema did previous exist in the Schema Registry instance, a new version of the schema is added to the instance and assigned a new schema ID.
            </summary>
            <param name="groupName">The name of the SchemaRegistry group.</param>
            <param name="schemaName">The name of the schema.</param>
            <param name="serializationType">The serialization format of the schema.</param>
            <param name="schemaContent">The string representation of the schema's content.</param>
            <param name="cancellationToken">The cancellation token for the operation.</param>
            <returns>The properties of the schema.</returns>
        </member>
        <member name="M:Azure.Data.SchemaRegistry.SchemaRegistryClient.GetSchemaIdAsync(System.String,System.String,Azure.Data.SchemaRegistry.SerializationType,System.String,System.Threading.CancellationToken)">
            <summary>
            Gets the schema ID associated with the schema from the SchemaRegistry service.
            </summary>
            <param name="groupName">The name of the SchemaRegistry group.</param>
            <param name="schemaName">The name of the schema.</param>
            <param name="serializationType">The serialization format of the schema.</param>
            <param name="schemaContent">The string representation of the schema's content.</param>
            <param name="cancellationToken">The cancellation token for the operation.</param>
            <returns>The properties of the schema, including the schema ID provided by the service.</returns>
        </member>
        <member name="M:Azure.Data.SchemaRegistry.SchemaRegistryClient.GetSchemaId(System.String,System.String,Azure.Data.SchemaRegistry.SerializationType,System.String,System.Threading.CancellationToken)">
            <summary>
            Gets the schema ID associated with the schema from the SchemaRegistry service.
            </summary>
            <param name="groupName">The name of the SchemaRegistry group.</param>
            <param name="schemaName">The name of the schema.</param>
            <param name="serializationType">The serialization format of the schema.</param>
            <param name="schemaContent">The string representation of the schema's content.</param>
            <param name="cancellationToken">The cancellation token for the operation.</param>
            <returns>The properties of the schema, including the schema ID provided by the service.</returns>
        </member>
        <member name="M:Azure.Data.SchemaRegistry.SchemaRegistryClient.GetSchemaAsync(System.String,System.Threading.CancellationToken)">
            <summary>
            Gets the schema content associated with the schema ID from the SchemaRegistry service.
            </summary>
            <param name="schemaId">The schema ID of the the schema from the SchemaRegistry.</param>
            <param name="cancellationToken">The cancellation token for the operation.</param>
            <returns>The properties of the schema, including the schema content provided by the service.</returns>
        </member>
        <member name="M:Azure.Data.SchemaRegistry.SchemaRegistryClient.GetSchema(System.String,System.Threading.CancellationToken)">
            <summary>
            Gets the schema content associated with the schema ID from the SchemaRegistry service.
            </summary>
            <param name="schemaId">The schema ID of the the schema from the SchemaRegistry.</param>
            <param name="cancellationToken">The cancellation token for the operation.</param>
            <returns>The properties of the schema, including the schema content provided by the service.</returns>
        </member>
        <member name="T:Azure.Data.SchemaRegistry.SchemaRegistryClientOptions">
            <summary>
            The options for <see cref="T:Azure.Data.SchemaRegistry.SchemaRegistryClient"/>
            </summary>
        </member>
        <member name="M:Azure.Data.SchemaRegistry.SchemaRegistryClientOptions.#ctor(Azure.Data.SchemaRegistry.SchemaRegistryClientOptions.ServiceVersion)">
            <summary>
            Initializes a new instance of the <see cref="T:Azure.Data.SchemaRegistry.SchemaRegistryClientOptions"/>.
            </summary>
        </member>
        <member name="T:Azure.Data.SchemaRegistry.SchemaRegistryClientOptions.ServiceVersion">
            <summary>
            The Schema Registry service version.
            </summary>
        </member>
        <member name="F:Azure.Data.SchemaRegistry.SchemaRegistryClientOptions.ServiceVersion.V2017_04">
            <summary>
            Version 2017-04 of the Schema Registry service.
            </summary>
        </member>
        <member name="T:Azure.Core.ArrayBufferWriter`1">
            <summary>
            Represents a heap-based, array-backed output sink into which <typeparam name="T"/> data can be written.
            </summary>
        </member>
        <member name="M:Azure.Core.ArrayBufferWriter`1.#ctor">
            <summary>
            Creates an instance of an <see cref="T:Azure.Core.ArrayBufferWriter`1"/>, in which data can be written to,
            with the default initial capacity.
            </summary>
        </member>
        <member name="M:Azure.Core.ArrayBufferWriter`1.#ctor(System.Int32)">
            <summary>
            Creates an instance of an <see cref="T:Azure.Core.ArrayBufferWriter`1"/>, in which data can be written to,
            with an initial capacity specified.
            </summary>
            <param name="initialCapacity">The minimum capacity with which to initialize the underlying buffer.</param>
            <exception cref="T:System.ArgumentException">
            Thrown when <paramref name="initialCapacity"/> is not positive (i.e. less than or equal to 0).
            </exception>
        </member>
        <member name="P:Azure.Core.ArrayBufferWriter`1.WrittenMemory">
            <summary>
            Returns the data written to the underlying buffer so far, as a <see cref="T:System.ReadOnlyMemory`1"/>.
            </summary>
        </member>
        <member name="P:Azure.Core.ArrayBufferWriter`1.WrittenSpan">
            <summary>
            Returns the data written to the underlying buffer so far, as a <see cref="T:System.ReadOnlySpan`1"/>.
            </summary>
        </member>
        <member name="P:Azure.Core.ArrayBufferWriter`1.WrittenCount">
            <summary>
            Returns the amount of data written to the underlying buffer so far.
            </summary>
        </member>
        <member name="P:Azure.Core.ArrayBufferWriter`1.Capacity">
            <summary>
            Returns the total amount of space within the underlying buffer.
            </summary>
        </member>
        <member name="P:Azure.Core.ArrayBufferWriter`1.FreeCapacity">
            <summary>
            Returns the amount of space available that can still be written into without forcing the underlying buffer to grow.
            </summary>
        </member>
        <member name="M:Azure.Core.ArrayBufferWriter`1.Clear">
            <summary>
            Clears the data written to the underlying buffer.
            </summary>
            <remarks>
            You must clear the <see cref="T:Azure.Core.ArrayBufferWriter`1"/> before trying to re-use it.
            </remarks>
        </member>
        <member name="M:Azure.Core.ArrayBufferWriter`1.Advance(System.Int32)">
            <summary>
            Notifies <see cref="T:System.Buffers.IBufferWriter`1"/> that <paramref name="count"/> amount of data was written to the output <see cref="T:System.Span`1"/>/<see cref="T:System.Memory`1"/>.
            </summary>
            <exception cref="T:System.ArgumentException">
            Thrown when <paramref name="count"/> is negative.
            </exception>
            <exception cref="T:System.InvalidOperationException">
            Thrown when attempting to advance past the end of the underlying buffer.
            </exception>
            <remarks>
            You must request a new buffer after calling Advance to continue writing more data and cannot write to a previously acquired buffer.
            </remarks>
        </member>
        <member name="M:Azure.Core.ArrayBufferWriter`1.GetMemory(System.Int32)">
            <summary>
            Returns a <see cref="T:System.Memory`1"/> to write to that is at least the requested length (specified by <paramref name="sizeHint"/>).
            If no <paramref name="sizeHint"/> is provided (or it's equal to <code>0</code>), some non-empty buffer is returned.
            </summary>
            <exception cref="T:System.ArgumentException">
            Thrown when <paramref name="sizeHint"/> is negative.
            </exception>
            <remarks>
            This will never return an empty <see cref="T:System.Memory`1"/>.
            </remarks>
            <remarks>
            There is no guarantee that successive calls will return the same buffer or the same-sized buffer.
            </remarks>
            <remarks>
            You must request a new buffer after calling Advance to continue writing more data and cannot write to a previously acquired buffer.
            </remarks>
        </member>
        <member name="M:Azure.Core.ArrayBufferWriter`1.GetSpan(System.Int32)">
            <summary>
            Returns a <see cref="T:System.Span`1"/> to write to that is at least the requested length (specified by <paramref name="sizeHint"/>).
            If no <paramref name="sizeHint"/> is provided (or it's equal to <code>0</code>), some non-empty buffer is returned.
            </summary>
            <exception cref="T:System.ArgumentException">
            Thrown when <paramref name="sizeHint"/> is negative.
            </exception>
            <remarks>
            This will never return an empty <see cref="T:System.Span`1"/>.
            </remarks>
            <remarks>
            There is no guarantee that successive calls will return the same buffer or the same-sized buffer.
            </remarks>
            <remarks>
            You must request a new buffer after calling Advance to continue writing more data and cannot write to a previously acquired buffer.
            </remarks>
        </member>
        <member name="T:Azure.Core.Pipeline.ActivityExtensions">
            <summary>
            HACK HACK HACK. Some runtime environments like Azure.Functions downgrade System.Diagnostic.DiagnosticSource package version causing method not found exceptions in customer apps
            This type is a temporary workaround to avoid the issue.
            </summary>
        </member>
        <member name="T:Azure.Core.Pipeline.TaskExtensions.Enumerable`1">
            <summary>
            Both <see cref="T:Azure.Core.Pipeline.TaskExtensions.Enumerable`1"/> and <see cref="T:Azure.Core.Pipeline.TaskExtensions.Enumerator`1"/> are defined as public structs so that foreach can use duck typing
            to call <see cref="M:Azure.Core.Pipeline.TaskExtensions.Enumerable`1.GetEnumerator"/> and avoid heap memory allocation.
            Please don't delete this method and don't make these types private.
            </summary>
            <typeparam name="T"></typeparam>
        </member>
        <member name="T:Azure.Core.Argument">
            <summary>
            Argument validation.
            </summary>
            <remarks>
              <para>This class should be shared via source using Azure.Core.props and contain only common argument validation.
                It is declared partial so that you can use the same familiar class name but extend it with project-specific validation.
                To extend the functionality of this class, just declare your own partial <see cref="T:Azure.Core.Argument"/> class with project-specific methods.
              </para>
              <para>
                Be sure to document exceptions thrown by these methods on your public methods.
              </para>
            </remarks>
        </member>
        <member name="M:Azure.Core.Argument.AssertNotNull``1(``0,System.String)">
            <summary>
            Throws if <paramref name="value"/> is null.
            </summary>
            <param name="value">The value to validate.</param>
            <param name="name">The name of the parameter.</param>
            <exception cref="T:System.ArgumentNullException"><paramref name="value"/> is null.</exception>
        </member>
        <member name="M:Azure.Core.Argument.AssertNotNull``1(System.Nullable{``0},System.String)">
            <summary>
            Throws if <paramref name="value"/> has not been initialized.
            </summary>
            <param name="value">The value to validate.</param>
            <param name="name">The name of the parameter.</param>
            <exception cref="T:System.ArgumentNullException"><paramref name="value"/> has not been initialized.</exception>
        </member>
        <member name="M:Azure.Core.Argument.AssertNotNullOrEmpty``1(System.Collections.Generic.IEnumerable{``0},System.String)">
            <summary>
            Throws if <paramref name="value"/> is null or an empty collection.
            </summary>
            <param name="value">The value to validate.</param>
            <param name="name">The name of the parameter.</param>
            <exception cref="T:System.ArgumentException"><paramref name="value"/> is an empty collection.</exception>
            <exception cref="T:System.ArgumentNullException"><paramref name="value"/> is null.</exception>
        </member>
        <member name="M:Azure.Core.Argument.AssertNotNullOrEmpty(System.String,System.String)">
            <summary>
            Throws if <paramref name="value"/> is null or an empty string.
            </summary>
            <param name="value">The value to validate.</param>
            <param name="name">The name of the parameter.</param>
            <exception cref="T:System.ArgumentException"><paramref name="value"/> is an empty string.</exception>
            <exception cref="T:System.ArgumentNullException"><paramref name="value"/> is null.</exception>
        </member>
        <member name="M:Azure.Core.Argument.AssertNotNullOrWhiteSpace(System.String,System.String)">
            <summary>
            Throws if <paramref name="value"/> is null, an empty string, or consists only of white-space characters.
            </summary>
            <param name="value">The value to validate.</param>
            <param name="name">The name of the parameter.</param>
            <exception cref="T:System.ArgumentException"><paramref name="value"/> is an empty string or consists only of white-space characters.</exception>
            <exception cref="T:System.ArgumentNullException"><paramref name="value"/> is null.</exception>
        </member>
        <member name="M:Azure.Core.Argument.AssertNotDefault``1(``0@,System.String)">
            <summary>
            Throws if <paramref name="value"/> is the default value for type <typeparamref name="T"/>.
            </summary>
            <typeparam name="T">The type of structure to validate which implements <see cref="T:System.IEquatable`1"/>.</typeparam>
            <param name="value">The value to validate.</param>
            <param name="name">The name of the parameter.</param>
            <exception cref="T:System.ArgumentException"><paramref name="value"/> is the default value for type <typeparamref name="T"/>.</exception>
        </member>
        <member name="M:Azure.Core.Argument.AssertInRange``1(``0,``0,``0,System.String)">
            <summary>
            Throws if <paramref name="value"/> is less than the <paramref name="minimum"/> or greater than the <paramref name="maximum"/>.
            </summary>
            <typeparam name="T">The type of to validate which implements <see cref="T:System.IComparable`1"/>.</typeparam>
            <param name="value">The value to validate.</param>
            <param name="minimum">The minimum value to compare.</param>
            <param name="maximum">The maximum value to compare.</param>
            <param name="name">The name of the parameter.</param>
        </member>
        <member name="T:Azure.Core.ArmOperationHelpers`1">
            <summary>
            This implements the ARM scenarios for LROs. It is highly recommended to read the ARM spec prior to modifying this code:
            https://github.com/Azure/azure-resource-manager-rpc/blob/master/v1.0/Addendum.md#asynchronous-operations
            Other reference documents include:
            https://github.com/Azure/autorest/blob/master/docs/extensions/readme.md#x-ms-long-running-operation
            https://github.com/Azure/adx-documentation-pr/blob/master/sdks/LRO/LRO_AzureSDK.md
            </summary>
            <typeparam name="T">The final result of the LRO.</typeparam>
        </member>
        <member name="P:Azure.Core.CodeGenModelAttribute.Usage">
            <summary>
            Gets or sets a coma separated list of additional model usage modes. Allowed values: model, error, intput, output.
            </summary>
        </member>
        <member name="P:Azure.Core.CodeGenModelAttribute.Formats">
            <summary>
            Gets or sets a coma separated list of additional model serialization formats.
            </summary>
        </member>
    </members>
</doc>
